id,category,requirement,description,priority,module,phase,source,status,gap
TM-01,Ticket Management,Multi-tenant data isolation,"Hard isolation per client at the data layer, not row-level filtering.",Must Have,accounts-and-administration,1 Foundations,Workbook,Built,
TM-02,Ticket Management,Ticket types with distinct workflows,"Incident, Service Request, Change, Problem, Project Task. Each with its own workflow and billing treatment.",Must Have,ticket-management,2 Focused pilot,Workbook,Built,
TM-03,Ticket Management,Configurable state machine,States and transitions aligned to the existing DMS ticket lifecycle procedure. Configurable per ticket type.,Must Have,ticket-management,2 Focused pilot,Workbook,Built,
TM-04,Ticket Management,Priority / impact matrix,"Standard impact x urgency matrix producing priority, with per-client override capability.",Must Have,ticket-management,2 Focused pilot,Workbook,Built,
TM-05,Ticket Management,SLA engine,"Response and resolution targets per ticket type, priority and client contract.",Must Have,ticket-management,2 Focused pilot,Workbook,Built,
TM-06,Ticket Management,Per-client business calendars and timezones,"Required for UK, Brazil, Australia, Canada and US coverage. SLA clocks must respect local working hours and holidays.",Must Have,accounts-and-administration,3 Operational replacement,Workbook,Built,
TM-07,Ticket Management,SLA clock pause with reason logging,Pause on 'Awaiting Client' / 'Awaiting Third Party'. Pause reason and duration stored - this is the evidence used in hour-justification discussions.,Must Have,ticket-management,2 Focused pilot,Workbook,Built,
TM-08,Ticket Management,Assignment groups,"Groups mapped to CSM, OneStream Technical and Infrastructure teams. Support for group-level and individual assignment.",Must Have,accounts-and-administration,1 Foundations,Workbook,Built,
TM-09,Ticket Management,Parent / child and related ticket linking,"Link types: parent-child, related, duplicate, blocks/blocked-by.",Must Have,ticket-management,2 Focused pilot,Workbook,Built,
TM-10,Ticket Management,Grouping under project or change window,Ability to group a ticket tree under a project or scheduled window (e.g. one tree per Azure Files cutover weekend).,Must Have,ticket-management,3 Operational replacement,Workbook,Built,
TM-11,Ticket Management,Ability to flag out-of-scope / over-budget work,Configurable flag with client-side visibility. Ticket blocked from progressing until approved.,Must Have,ticket-management,3 Operational replacement,Workbook,Built,
TM-12,Ticket Management,Immutable audit trail,"Every field change recorded with user, timestamp, old value, new value. Non-editable, non-deletable.",Must Have,ticket-management,1 Foundations,Workbook,Built,
TM-13,Ticket Management,Public comments vs internal work notes,Two distinct objects. Internal notes must never be exposed through the portal or ServiceNow public sync.,Must Have,ticket-management,2 Focused pilot,Workbook,Built,
TM-14,Ticket Management,Attachments with virus scanning,"Size limits, allowed file types, AV scan on upload, quarantine on detection.",Must Have,ticket-management,1 Foundations,Workbook,Built,
TM-15,Ticket Management,Full-text search and saved filters,"Search across ticket fields, comments and attachments metadata. User-defined saved views.",Must Have,ticket-management,2 Focused pilot,Workbook,Built,
TM-16,Ticket Management,Bulk actions,"Bulk reassign, bulk state change, bulk tag - with audit entries per affected record.",Nice to Have,ticket-management,4 Later releases,Workbook,Built,
TM-17,Ticket Management,Ticket templates,Pre-filled templates for recurring request types to reduce intake time.,Nice to Have,knowledge-base,4 Later releases,Workbook,Partial,Schema only; one reference in the backend and no authoring or apply surface
TM-18,Ticket Management,Change calendar with conflict detection,Visual change calendar with freeze windows and overlap warnings across clients.,Nice to Have,ticket-management,4 Later releases,Workbook,Built,
TM-19,Ticket Management,CMDB / lightweight asset register,"Per-client configuration item register, linkable to tickets.",Nice to Have,knowledge-base,4 Later releases,Workbook,Built,
TM-21,Ticket Management,Ticket participant record,"People appear on a ticket in roles other than assignee, with joined and left timestamps and who invited them; contributor count is queryable.",Unassessed,ticket-management,0 Unscoped (revision 3 intake),Functional RTM r3,Not started,
TM-22,Ticket Management,Invite a collaborator without transferring ownership,"A named person or skill group is invited, accepts or declines, is notified, and the assignee is unchanged throughout.",Unassessed,ticket-management,0 Unscoped (revision 3 intake),Functional RTM r3,Not started,
TM-23,Ticket Management,Account ownership and team construct,Every account has exactly one named primary owner; changing it is audited; teams group accounts and people; ownership drives default routing and report authorship.,Unassessed,accounts-and-administration,0 Unscoped (revision 3 intake),Functional RTM r3,Not started,
TM-24,Ticket Management,Ranked work queue with stall weighting,"The landing queue orders by a server-computed score over client priority, severity, breach proximity, shift context and, weighted at least as heavily, time since last movement, age against expected duration for that ticket type, and time since last client contact. An administrator changes a weight and the order changes.",Unassessed,ticket-management,0 Unscoped (revision 3 intake),Functional RTM r3,Not started,
TM-25,Ticket Management,Default active-work view,"Resolved, closed and transferred tickets are absent from the default view and require a deliberate action to reach.",Unassessed,ticket-management,0 Unscoped (revision 3 intake),Functional RTM r3,Built,
TM-26,Ticket Management,Ticket-to-outcome association with coverage measure,"A ticket can be attached to and detached from an outcome, and the outcome lists it. Linkage coverage, the share of tickets and of delivered hours carrying an outcome, is reportable per account, per engineer and per period, and accounts below a configured coverage floor surface to the account owner and the support director.",Unassessed,ticket-management,0 Unscoped (revision 3 intake),Functional RTM r3,Not started,
TM-27,Ticket Management,Container-case detection,"A ticket crossing the configured time-entry, elapsed-day or effort threshold raises TM-11 and notifies the account owner.",Unassessed,ticket-management,0 Unscoped (revision 3 intake),Functional RTM r3,Not started,
TM-28,Ticket Management,Shift handover,"At the close of a coverage window the outgoing owner produces a handover for the incoming one covering open work, items at risk of breach, commitments made to clients, and anything awaiting a third party. The incoming owner acknowledges it. Unacknowledged handovers are visible to the technical manager. Drafted by Axel (AI-25) and editable before it is passed; retained and searchable against the ticket.",Unassessed,ticket-management,0 Unscoped (revision 3 intake),Functional RTM r3,Not started,
TB-01,Time Tracking & Budget,Time entry at ticket level,"Fields: duration, date performed, activity type, billable flag, description. Multiple entries per ticket per user.",Must Have,time-and-budget,2 Focused pilot,Workbook,Built,
TB-02,Time Tracking & Budget,Mandatory time entry before resolution,A ticket cannot move to Resolved/Closed with zero logged time unless an exemption reason is selected.,Must Have,time-and-budget,2 Focused pilot,Workbook,Partial,"The time-or-exemption gate ships. Revision 3 makes it composite (resolution code, notes completeness, article prompt, certification-sourced time), and that is not built"
TB-03,Time Tracking & Budget,Activity type taxonomy,"Analysis, Development, Testing, Client Communication, Documentation, Meeting. This is what makes 'where did the hours go' answerable.",Must Have,time-and-budget,2 Focused pilot,Workbook,Built,
TB-04,Time Tracking & Budget,Billable classification,"Billable / Non-billable / Internal / Pre-sales, set per time entry with a default per activity type.",Must Have,time-and-budget,2 Focused pilot,Workbook,Built,
TB-05,Time Tracking & Budget,"Rate cards by client, contract and role",Effective-dated versions so historical entries retain the rate in force at the time performed.,Must Have,time-and-budget,3 Operational replacement,Workbook,Built,
TB-06,Time Tracking & Budget,Contract object with multiple commercial models,"Retainer hours, prepaid blocks, T&M, fixed fee. Includes rollover rules and overage rules.",Must Have,time-and-budget,2 Focused pilot,Workbook,Built,
TB-07,Time Tracking & Budget,Budget burn-down per client per period,"Consumed vs contracted hours and value, by period, with drill-through to source entries.",Must Have,time-and-budget,2 Focused pilot,Workbook,Built,
TB-08,Time Tracking & Budget,Forecast to period end,Projected consumption at period end based on current run rate.,Must Have,time-and-budget,3 Operational replacement,Workbook,Built,
TB-09,Time Tracking & Budget,Threshold alerts,Configurable percentage thresholds (e.g. 50/75/90/100%) alerting internal owner and optionally the client contact.,Must Have,time-and-budget,3 Operational replacement,Workbook,Built,
TB-10,Time Tracking & Budget,Per-ticket hours breakdown,"Hours by person, role, date and activity type for any single ticket. Exportable to Excel/CSV.",Must Have,time-and-budget,2 Focused pilot,Workbook,Built,
TB-11,Time Tracking & Budget,Adjustment and write-off workflow,Original entry preserved; adjustment recorded as a separate linked record.,Must Have,time-and-budget,3 Operational replacement,Workbook,Built,
TB-12,Time Tracking & Budget,Non-ticket time capture,"Per-client buckets for governance, QBR prep, account management and escalation handling. Without this, utilisation reads artificially low and budget burn reads artificially favourable.",Must Have,time-and-budget,4 Later releases,Workbook,Built,
TB-13,Time Tracking & Budget,After-hours and weekend flagging,"Automatic flagging based on the client business calendar, with premium rate or comp-time handling. Needed across the cutover weekend programme.",Must Have,time-and-budget,3 Operational replacement,Workbook,Built,
TB-14,Time Tracking & Budget,Billing export,"Export in the format THG finance consumes, with a locked/approved period concept so exported data cannot be silently altered.",Must Have,time-and-budget,3 Operational replacement,Workbook,Built,
TB-15,Time Tracking & Budget,Multi-currency support,Rate cards and reporting in local currency with FX conversion for consolidated views.,Nice to Have,time-and-budget,4 Later releases,Workbook,Partial,Currency is carried on rate cards and amounts; no FX conversion for consolidated views
TB-16,Time Tracking & Budget,Profitability view per account,"Revenue vs delivery cost using cost rates, at account and engagement level.",Nice to Have,time-and-budget,4 Later releases,Workbook,Built,
TB-17,Time Tracking & Budget,Commercial model as a configurable type,A new model type is added with its own consumption rules and the finance export still resolves it to hours and value with no interface change.,Unassessed,time-and-budget,0 Unscoped (revision 3 intake),Functional RTM r3,Not started,
CAP-01,Team Allocation & Capacity,Resource roster,"Role, FTE %, cost rate, bill rate, skills, certifications, timezone and working calendar per person.",Must Have,capacity-and-allocation,2 Focused pilot,Workbook,Built,
CAP-02,Team Allocation & Capacity,PTO and holiday calendar,"Per-country holiday calendars and individual PTO, feeding the capacity calculation.",Must Have,capacity-and-allocation,4 Later releases,Workbook,Built,
CAP-03,Team Allocation & Capacity,Available capacity calculation,Contracted hours minus PTO minus holidays minus a configurable admin overhead factor.,Must Have,capacity-and-allocation,3 Operational replacement,Workbook,Built,
CAP-04,Team Allocation & Capacity,Planned allocation per person per client per period,"Forward-looking allocation grid, editable by team lead.",Must Have,capacity-and-allocation,3 Operational replacement,Workbook,Built,
CAP-05,Team Allocation & Capacity,Planned vs actual variance reporting,Planned allocation compared against logged time. This is the report that actually changes behaviour.,Must Have,capacity-and-allocation,3 Operational replacement,Workbook,Built,
CAP-06,Team Allocation & Capacity,Overallocation detection,Warning raised at assignment time when a person exceeds available capacity in a period.,Must Have,capacity-and-allocation,3 Operational replacement,Workbook,Built,
CAP-07,Team Allocation & Capacity,Skills matrix with single-point-of-failure flagging,Identify where only one person can service a given client or technology.,Must Have,capacity-and-allocation,3 Operational replacement,Workbook,Built,
CAP-08,Team Allocation & Capacity,Forward demand from pipeline,"Pipeline and project demand included in capacity view, not only current ticket load.",Must Have,capacity-and-allocation,4 Later releases,Workbook,Built,
CAP-09,Team Allocation & Capacity,On-call / shift rota,"Rota management with coverage gap detection, linked to after-hours flagging.",Nice to Have,capacity-and-allocation,4 Later releases,Workbook,Partial,"A rota exists in the backend; no desk surface, no coverage-gap detection, and it drives no routing"
CAP-10,Team Allocation & Capacity,Scenario planning,Model the capacity impact of a prospective win before it is booked.,Nice to Have,capacity-and-allocation,4 Later releases,Workbook,Not started,
CAP-11,Team Allocation & Capacity,Account concentration detection with owned response,"Any account where one person holds more than the configured share of delivered hours in a rolling window raises an alert to the technical manager, escalating to the support director if unactioned within a configured period. The alert carries a state (acknowledged, mitigation planned, accepted as risk, resolved) with the reason recorded, and open alerts are visible on the portfolio and AH-05 views.",Unassessed,capacity-and-allocation,0 Unscoped (revision 3 intake),Functional RTM r3,Not started,
CAP-12,Team Allocation & Capacity,Absence-aware routing,"A person recorded as absent cannot be assigned a ticket, invited as a collaborator, or placed on the triage rota for that period without an explicit recorded override. Work already assigned at the point absence begins is surfaced for reassignment, and the ranked queue excludes them from scoring.",Unassessed,capacity-and-allocation,0 Unscoped (revision 3 intake),Functional RTM r3,Not started,
CP-01,Client Portal,SSO via SAML / OIDC,"Authenticate against the client IdP, with local account fallback for clients without federation.",Must Have,client-portal,3 Operational replacement,Workbook,Not started,
CP-02,Client Portal,Strict data scoping,"A client user sees only their own organisation's tickets and data. Enforced server-side, verified by automated test.",Must Have,client-portal,1 Foundations,Workbook,Built,
CP-03,Client Portal,Ticket submission with dynamic forms,Form fields vary by request type; required fields enforced at submission.,Must Have,client-portal,2 Focused pilot,Workbook,Built,
CP-04,Client Portal,Ticket status tracking and comment threads,"Client can view status, add comments and see public updates only.",Must Have,client-portal,2 Focused pilot,Workbook,Built,
CP-05,Client Portal,Attachment upload from portal,Same AV scanning and size limits as internal upload.,Must Have,client-portal,2 Focused pilot,Workbook,Built,
CP-06,Client Portal,Budget / consumption visibility toggle,Per-client switch controlling whether consumption data is exposed in the portal.,Must Have,client-portal,2 Focused pilot,Workbook,Built,
CP-07,Client Portal,CSAT survey on ticket close and every quarter end,"Triggered on closure, plus a periodic relationship survey. Results feed reporting.",Must Have,client-portal,3 Operational replacement,Workbook,Built,
CP-08,Client Portal,Knowledge base with per-client article visibility,Articles scoped to global or specific clients.,Must Have,knowledge-base,2 Focused pilot,Workbook,Built,
EM-01,Email Intake,Dedicated inbound address,With alias support so existing client-facing addresses can be retained.,Must Have,email-intake,1 Foundations,Workbook,Built,
EM-02,Email Intake,Thread matching on message headers,Match on Message-ID / References / In-Reply-To.,Must Have,email-intake,2 Focused pilot,Workbook,Built,
EM-03,Email Intake,Reply-to-update on existing tickets,A reply to a ticket notification appends a comment rather than creating a duplicate.,Must Have,email-intake,2 Focused pilot,Workbook,Built,
EM-04,Email Intake,Attachment and inline image extraction,Attachments stored on the ticket; inline images preserved in the comment body.,Must Have,email-intake,2 Focused pilot,Workbook,Built,
EM-05,Email Intake,Signature and quoted-reply stripping,"Strip signatures, disclaimers and quoted history so comments stay readable.",Must Have,email-intake,2 Focused pilot,Workbook,Built,
EM-06,Email Intake,Loop protection and auto-responder suppression,Detect and suppress mail loops and out-of-office auto-replies. A loop with a client mail system is a severity-1 event.,Must Have,email-intake,2 Focused pilot,Workbook,Built,
EM-07,Email Intake,Unknown-sender quarantine queue,Unrecognised senders go to a review queue rather than auto-creating tickets.,Must Have,email-intake,2 Focused pilot,Workbook,Built,
EM-08,Email Intake,Outbound email threading and branding,Outbound notifications correctly threaded and branded per client.,Must Have,email-intake,1 Foundations,Workbook,Built,
EM-09,Email Intake,Priority detection from email content,"Suggest priority based on message content, subject to human confirmation.",Nice to Have,ai-functionality,4 Later releases,Workbook,Partial,"The prioritise capability exists and is wired to tickets, not to email intake"
DR-01,Dashboard & Reporting,Near-real-time dashboard refresh,Defined refresh interval / push updates. Role-scoped and client-scoped.,Must Have,dashboard-and-reporting,2 Focused pilot,Workbook,Built,
DR-02,Dashboard & Reporting,Internal operational view,"Backlog by age, SLA attainment and at-risk, MTTR by type, reopen rate, volume trend, team utilisation, portfolio budget burn.",Must Have,dashboard-and-reporting,2 Focused pilot,Workbook,Built,
DR-03,Dashboard & Reporting,Client-facing view,"Their tickets, their SLA performance, their consumption, their CSAT. Nothing else.",Must Have,dashboard-and-reporting,2 Focused pilot,Workbook,Built,
DR-04,Dashboard & Reporting,Auto-generated weekly report pack (PPTX / PDF),Generated from live data on a schedule. Highest-ROI item in the build - it replaces the manual WSR cycle. We would present on a call from a dashboard that can be exported and sent via email for client review,Must Have,dashboard-and-reporting,2 Focused pilot,Workbook,Built,
DR-05,Dashboard & Reporting,Scheduled email delivery of report packs,Per-client schedule and distribution list.,Must Have,dashboard-and-reporting,3 Operational replacement,Workbook,Built,
DR-06,Dashboard & Reporting,Export to Excel / CSV on all views,Raw data export for ad-hoc analysis and finance reconciliation.,Must Have,dashboard-and-reporting,2 Focused pilot,Workbook,Built,
DR-07,Dashboard & Reporting,Historical trend retention,Point-in-time snapshots so trends survive record edits and reclassification.,Must Have,dashboard-and-reporting,3 Operational replacement,Workbook,Built,
DR-08,Dashboard & Reporting,Automated QBR deck generation,"Quarterly pack assembled from the period's data, following the standard QBR structure.",Nice to Have,dashboard-and-reporting,4 Later releases,Workbook,Built,
DR-09,Dashboard & Reporting,Customer health score,"Composite of CSAT, SLA attainment, budget position and engagement signals.",Nice to Have,dashboard-and-reporting,4 Later releases,Workbook,Built,
DR-10,Dashboard & Reporting,Custom report builder,Self-service report definition for power users without developer involvement.,Nice to Have,dashboard-and-reporting,4 Later releases,Workbook,Not started,
DR-12,Dashboard & Reporting,Client self-service measure,"The client sees how many issues they resolved without raising a ticket, and which articles they used.",Unassessed,dashboard-and-reporting,0 Unscoped (revision 3 intake),Functional RTM r3,Not started,
DR-13,Dashboard & Reporting,Collaboration and contribution measures,"Median time to first response, contributors per ticket, and share of tickets first touched by a principal engineer. The first-touch figure reports beside MC-05 over-routing, since over-routing is its mechanism.",Unassessed,dashboard-and-reporting,0 Unscoped (revision 3 intake),Functional RTM r3,Not started,
DR-14,Dashboard & Reporting,Renewal exposure view,"For every contract approaching expiry, one view shows contracted value, delivered value, forecast consumption at expiry, the resulting undelivered exposure, and the account's health score, sortable by exposure and filterable by expiry window. Exposure totals roll up to the portfolio.",Unassessed,dashboard-and-reporting,0 Unscoped (revision 3 intake),Functional RTM r3,Not started,
DR-15,Dashboard & Reporting,Portfolio scorecard surface,"The scorecard exists in the product, read quarterly, organised as four movements: is the ladder shifting downward, is the classifier getting braver safely, is knowledge compounding, is the conversation flipping from effort to value. Each line carries baseline, current, direction and target, and names the decision it informs. Ticket volume and MTTR cannot be added to it.",Unassessed,dashboard-and-reporting,0 Unscoped (revision 3 intake),Functional RTM r3,Not started,
DR-16,Dashboard & Reporting,Capture-rate gate on the scorecard,"Time-capture rate renders at the top of DR-15. Every value-derived line displays as provisional, and is labelled as such on screen and in export, until capture rate passes its configured threshold.",Unassessed,dashboard-and-reporting,0 Unscoped (revision 3 intake),Functional RTM r3,Not started,
DR-17,Dashboard & Reporting,Two pillar scorecards from one dataset,An operational scoping for the support director and a commercial scoping for the customer experience lead render from the same underlying data with no divergent figures; a number appearing on both is identical.,Unassessed,dashboard-and-reporting,0 Unscoped (revision 3 intake),Functional RTM r3,Not started,
DR-18,Dashboard & Reporting,Service desk team view,"Team resolution rate within paths 1 and 2, early-escalation pattern, path mix and certification completeness, on a surface the service desk lead owns. Per-person detail is limited to MC-07 cause tags and CL-04; the team rate does not decompose to an individual figure.",Unassessed,dashboard-and-reporting,0 Unscoped (revision 3 intake),Functional RTM r3,Not started,
SN-01,ServiceNow Integration,Bidirectional sync with configurable field mapping,"Per-client-instance mapping configuration, maintainable without a code change.",Must Have,servicenow-integration,3 Operational replacement,Workbook,Built,
SN-02,ServiceNow Integration,State machine translation,Translate between the internal state model and each client's. They will not match out of the box.,Must Have,servicenow-integration,3 Operational replacement,Workbook,Built,
SN-03,ServiceNow Integration,Loop prevention,Correlation IDs and update watermarking to prevent infinite update ping-pong.,Must Have,servicenow-integration,3 Operational replacement,Workbook,Built,
SN-04,ServiceNow Integration,Conflict resolution policy,Defined system of record per field. Last-write-wins is not acceptable as a blanket rule.,Must Have,servicenow-integration,3 Operational replacement,Workbook,Built,
SN-05,ServiceNow Integration,Comment and work note sync,Respecting the public vs internal distinction in both directions.,Must Have,servicenow-integration,3 Operational replacement,Workbook,Built,
SN-06,ServiceNow Integration,Attachment sync,Two-way attachment transfer with size limit handling.,Must Have,servicenow-integration,3 Operational replacement,Workbook,Built,
SN-07,ServiceNow Integration,Sync health monitoring and dead-letter queue,"Failed messages retained, alerting on failure, manual replay capability.",Must Have,servicenow-integration,3 Operational replacement,Workbook,Built,
SN-08,ServiceNow Integration,Multiple concurrent client instances,"Different schemas, different auth, different versions - running simultaneously.",Must Have,servicenow-integration,3 Operational replacement,Workbook,Built,
SN-09,ServiceNow Integration,One-way ingest mode,Read-only ingest as a lower-risk starting configuration and as a fallback if write-back is suspended.,Must Have,servicenow-integration,2 Focused pilot,Workbook,Built,
AI-01,AI Functionality,Auto-categorisation and priority suggestion,"Category, priority, account and CI tagging suggested on intake, human-confirmed.",Must Have,ai-functionality,2 Focused pilot,Workbook,Partial,The classify and prioritise builders exist behind the adapter; the harness is unconfigured and the suggestion has no confirmed surface at intake
AI-02,AI Functionality,Duplicate detection with merge suggestion,Flag likely duplicates at creation and propose a merge.,Must Have,ai-functionality,2 Focused pilot,Workbook,Partial,"The duplicate builder exists; unexercised while the harness is unconfigured, and no merge-proposal surface is reachable"
AI-03,AI Functionality,Long-thread summarisation,"Summarise ticket history for handover, shift change and escalation briefing.",Must Have,ai-functionality,2 Focused pilot,Workbook,Partial,The summarise builder exists; Ask Axel was removed from the record and the bar on 2026-09-08 and 2026-09-09 because the turn surface is held
AI-04,AI Functionality,Draft response generation,Generate a suggested reply; a human always reviews and sends.,Must Have,ai-functionality,3 Operational replacement,Workbook,Partial,The draft_reply builder exists; Draft with Axel was removed from the composer on 2026-09-08 because the surface behind it is held
AI-05,AI Functionality,Weekly report narrative generation,Convert dashboard figures into the written talk track for the WSR.,Must Have,ai-functionality,3 Operational replacement,Workbook,Not started,
AI-06,AI Functionality,Time entry assistance,Normalise work descriptions and prompt on unlogged time (e.g. 'you have 6 unlogged hours on Tuesday').,Must Have,ai-functionality,3 Operational replacement,Workbook,Not started,
AI-07,AI Functionality,Similar-ticket retrieval and KB suggestion,Surface comparable resolved tickets and relevant knowledge articles to the assignee.,Must Have,knowledge-base,2 Focused pilot,Workbook,Partial,"Retrieval and the solutions rail ship; ranking depends on embeddings the harness produces, and the harness is unconfigured"
AI-08,AI Functionality,Human-in-the-loop by default,No AI action takes effect without human confirmation unless explicitly opted in per client.,Must Have,ai-functionality,2 Focused pilot,Workbook,Built,
AI-09,AI Functionality,Confidence thresholds with human fallback,"Below threshold, the suggestion is withheld and the item routes to a human.",Must Have,ai-functionality,2 Focused pilot,Workbook,Built,
AI-10,AI Functionality,AI actions logged and attributable,"Every AI suggestion and action recorded in the audit trail, distinguishable from human actions.",Must Have,ai-functionality,1 Foundations,Workbook,Built,
AI-11,AI Functionality,Per-client AI disable switch,Some clients will contractually prohibit AI processing of their data. Must be enforceable at the data layer.,Must Have,ai-functionality,1 Foundations,Workbook,Built,
AI-12,AI Functionality,No training on client data; DPA and residency compliance,Contractual and technical guarantee before any client data reaches a model provider.,Must Have,ai-functionality,1 Foundations,Workbook,Built,
AI-13,AI Functionality,Feedback capture on AI suggestions,Accept/reject captured to measure accuracy and drive tuning.,Must Have,ai-functionality,2 Focused pilot,Workbook,Built,
AI-14,AI Functionality,Budget burn anomaly detection,Flag accounts tracking materially above or below expected run rate.,Must Have,ai-functionality,3 Operational replacement,Workbook,Not started,
AI-15,AI Functionality,Escalation risk and sentiment detection,"Early warning on threads trending negative, before a formal escalation occurs.",Nice to Have,ai-functionality,4 Later releases,Workbook,Not started,
AI-16,AI Functionality,Effort estimation from historical similar work,Suggested effort range on new tickets based on comparable closed work.,Nice to Have,ai-functionality,4 Later releases,Workbook,Not started,
AI-17,AI Functionality,Allocation suggestions,"Recommend assignee based on skills, current capacity and account familiarity.",Nice to Have,ai-functionality,4 Later releases,Workbook,Not started,
AI-18,AI Functionality,Auto-resolution of allowlisted request types,"Fully automated handling of simple, explicitly allowlisted requests. Requires strong guardrails and per-client opt-in.",Nice to Have,knowledge-base,4 Later releases,Workbook,Partial,The allowlist configuration exists; no end-to-end auto-resolution path
AI-19,AI Functionality,Agentic triage and routing without human review,Autonomous triage. Only after measured accuracy on the human-in-the-loop version.,Nice to Have,ai-functionality,4 Later releases,Workbook,Not started,
AI-20,AI Functionality,Natural language query over reporting data,Ask questions of the dataset in plain language and get a chart or table back.,Nice to Have,ai-functionality,4 Later releases,Workbook,Not started,
AI-21,AI Functionality,Confidence persisted and calibratable,"The confidence value is stored, and a calibration report compares stated confidence against realised outcome.",Unassessed,ai-functionality,0 Unscoped (revision 3 intake),Functional RTM r3,Not started,
AI-22,AI Functionality,Draft outcome capture,"Within the AI-13 stream, a draft records sent unchanged, light edit, heavy edit or discarded, with edit distance.",Unassessed,ai-functionality,0 Unscoped (revision 3 intake),Functional RTM r3,Not started,
AI-24,AI Functionality,Resolution note drafting,"On close, Axel drafts resolution notes from the thread, work notes and time entries, and proposes a resolution code. The draft satisfies the TB-02 completeness rule only once a human confirms it. Confirmation without edit is recorded distinctly from edited confirmation, and the unedited rate is reported.",Unassessed,ai-functionality,0 Unscoped (revision 3 intake),Functional RTM r3,Not started,
AI-25,AI Functionality,Shift handover summary,"At the end of a coverage window Axel drafts the TM-28 handover (open work, breach risk, client commitments, third-party waits) from ticket state and activity, editable before it is passed.",Unassessed,ai-functionality,0 Unscoped (revision 3 intake),Functional RTM r3,Not started,
DM-01,Data Migration,Historical import from ServiceNow CSM,"Open and closed tickets, comments, attachments and time entries. Without history the baseline is lost.",Must Have,data-migration,2 Focused pilot,Workbook,Built,
DM-02,Data Migration,Contract and budget history import,"Existing contracts, consumed hours and current balances, reconciled to finance records.",Must Have,data-migration,3 Operational replacement,Workbook,Built,
DM-03,Data Migration,Reconciliation report post-migration,"Record counts and hour totals reconciled source vs target, signed off before cutover.",Must Have,data-migration,3 Operational replacement,Workbook,Built,
DM-04,Data Migration,Parallel run period,Both systems operating concurrently for an agreed period before decommissioning the old one.,Must Have,data-migration,3 Operational replacement,Workbook,Not started,
DM-05,Data Migration,Knowledge corpus backfill,The existing knowledge corpus is imported and is governed by the AI-23 two-scope contribution rule; nothing crosses an account boundary without recorded opt-in.,Unassessed,data-migration,0 Unscoped (revision 3 intake),Functional RTM r3,Not started,
INT-01,Integrations,Identity provider integration (internal),Internal users authenticate via the THG IdP.,Must Have,accounts-and-administration,1 Foundations,Workbook,Built,
INT-02,Integrations,Finance / billing system export interface,Structured interface to the billing system rather than manual file handling.,Must Have,time-and-budget,3 Operational replacement,Workbook,Built,
INT-03,Integrations,Renewal and contract expiry alerting,"Alerts ahead of contract end dates, surfaced to the account owner.",Must Have,time-and-budget,3 Operational replacement,Workbook,Built,
INT-04,Integrations,Slack / Teams integration,"Ticket notifications, create-from-message, and time logging via command.",Nice to Have,integrations,4 Later releases,Workbook,Not started,
INT-05,Integrations,Calendar integration,Push change windows and scheduled work to Outlook calendars.,Nice to Have,integrations,4 Later releases,Workbook,Built,
XA-01,XMS additions,Security audit log,"Every authentication, authorisation, administration, data-movement, abuse and AI decision is recorded as an append-only security event with actor, principal kind, request and trace ids; searchable and exportable.",Must Have,audit-and-analytics,1 Foundations,XMS addition,Built,
XA-02,XMS additions,User analytics,"Screen views, named actions, searches, Axel decisions and API requests are captured as usage events (no ticket, email or article content), per role and per account, with portal capture governed by an account setting.",Must Have,audit-and-analytics,1 Foundations,XMS addition,Built,
XA-03,XMS additions,Audit and usage reporting,"Admin screens for audit search over all three streams, a security dashboard and a usage dashboard (active users, feature adoption, core-loop funnel, knowledge gaps, Axel acceptance, portal deflection), with exports and an analyst SQL surface.",Must Have,audit-and-analytics,2 Focused pilot,XMS addition,Built,
XA-04,XMS additions,Security assurance and audit readiness,"Every change passes the security definition of done (isolation, visibility, realm, evidence, egress) with the required tests and a completed checklist; controls are mapped to ISO 27001, SOC 2 and OWASP ASVS with evidence produced automatically; monthly access reviews, quarterly runbook rehearsals, annual penetration test.",Must Have,audit-and-analytics,1 Foundations,XMS addition,Built,
XA-05,XMS additions,Tamper evidence and retention,"Append-only event tables, nightly Parquet archive to an Object Lock bucket, chained daily digests with weekly verification, retention per stream and per account DPA, pseudonymisation for erasure requests.",Must Have,audit-and-analytics,3 Operational replacement,XMS addition,Built,
RL-01,Resolution Ladder & Routing,Path as a first-class ticket attribute,"Every ticket carries a classified path (0 client self-service, 1 front-desk resolved, 2 front-desk owned and engineer-validated, 3 engineer-owned) stamped at intake, and an actual path derived from the ownership and participant trail at close. Both are stored, neither overwrites the other, and both are reportable.",Unassessed,resolution-ladder,0 Unscoped (revision 3 intake),Functional RTM r3,Not started,
RL-02,Resolution Ladder & Routing,Historical profiling layer,"Closed historical records are profiled by client, request type, complexity, who resolved them, and whether resolution required credentialed access or genuine expertise. Queryable per client and per request type, and the classifier's prior from day one.",Unassessed,resolution-ladder,0 Unscoped (revision 3 intake),Functional RTM r3,Not started,
RL-03,Resolution Ladder & Routing,Path classification at intake,"Axel proposes a path from the profile and the request content, with confidence, subject to AI-08 and AI-09. The proposed path drives routing. A human can override, and the override is recorded against the proposal.",Unassessed,resolution-ladder,0 Unscoped (revision 3 intake),Functional RTM r3,Not started,
RL-04,Resolution Ladder & Routing,Credential-blocked action taxonomy,"Request types are marked where resolution requires client-side access or elevated permission. A marked type cannot classify to path 1 and routes to path 3 or path 0. The marking is maintained per client, since access varies by account.",Unassessed,resolution-ladder,0 Unscoped (revision 3 intake),Functional RTM r3,Not started,
RL-05,Resolution Ladder & Routing,Path 2 validation touch,"An engineer records a validation, certification or coordination touch on a ticket the agent still owns. The touch is a TM-21 participant event carrying a touch type, the assignee is unchanged, and the actual path resolves to 2 rather than 3.",Unassessed,resolution-ladder,0 Unscoped (revision 3 intake),Functional RTM r3,Not started,
RL-06,Resolution Ladder & Routing,Path 0 stays on platform,"A client resolving through self-service produces a record without a Hackett touch: what was asked, what was returned, and whether the experience satisfied. The record attaches to the account and feeds AH-03.",Unassessed,resolution-ladder,0 Unscoped (revision 3 intake),Functional RTM r3,Not started,
RL-07,Resolution Ladder & Routing,Path 0 fallback capture,"A self-service attempt abandoned into a raised ticket links to that attempt, and fallback rate is reportable by request type and account.",Unassessed,resolution-ladder,0 Unscoped (revision 3 intake),Functional RTM r3,Not started,
RL-08,Resolution Ladder & Routing,Guided resolution for the front desk,"Where the profile holds a known-good path, Axel walks a non-technical resolver through it step by step against the current corpus. Where the profile says expertise or access is required, Axel proposes path 2 or path 3 instead of guidance.",Unassessed,resolution-ladder,0 Unscoped (revision 3 intake),Functional RTM r3,Not started,
RL-09,Resolution Ladder & Routing,Self-service candidate surfacing,"Request types resolved repeatedly at path 1 without engineer involvement surface as path-0 candidates, ranked by volume and consistency of resolution, on a surface the service desk lead owns.",Unassessed,resolution-ladder,0 Unscoped (revision 3 intake),Functional RTM r3,Not started,
MC-01,Measurement & Calibration,Intake mix by path,"The share of intake landing at each of the four paths reports per account, per period, with trend, and rolls up to the portfolio.",Unassessed,measurement-and-calibration,0 Unscoped (revision 3 intake),Functional RTM r3,Not started,
MC-02,Measurement & Calibration,"Front-desk resolution rate, paths 1 and 2","Computed over tickets whose classified path was 1 or 2. A ticket classified 3 is absent from the denominator regardless of outcome, and no configuration can move it in. Reported at team and account level only; no screen, export or report resolves it to an individual.",Unassessed,measurement-and-calibration,0 Unscoped (revision 3 intake),Functional RTM r3,Not started,
MC-03,Measurement & Calibration,"Engineer resolution rate, path 3","Computed over tickets whose classified path was 3, reported at account and practice level only; no screen, export or report resolves it to an individual. Individual coaching signal comes from MC-07 cause tags and CL-04.",Unassessed,measurement-and-calibration,0 Unscoped (revision 3 intake),Functional RTM r3,Not started,
MC-04,Measurement & Calibration,Automatic misroute detection,"Where classified path and actual path disagree, a misroute is raised without anyone reporting it, and its direction is derived from the ownership trail.",Unassessed,measurement-and-calibration,0 Unscoped (revision 3 intake),Functional RTM r3,Not started,
MC-05,Measurement & Calibration,Under-routing and over-routing reported separately,"Under-routing (classified low, escalated) and over-routing (classified high, resolvable at the front desk) report as distinct rates, never as one accuracy figure.",Unassessed,measurement-and-calibration,0 Unscoped (revision 3 intake),Functional RTM r3,Not started,
MC-06,Measurement & Calibration,First-move-to-resolver measure,"First-contact resolution is defined and computed as the ticket reaching its final resolver on the first move, not as the service desk having solved it. The legacy first-level figure remains available during transition and is labelled as such.",Unassessed,measurement-and-calibration,0 Unscoped (revision 3 intake),Functional RTM r3,Not started,
MC-07,Measurement & Calibration,Misroute review queue with cause tagging,Misroutes queue for the technical manager on a weekly cadence. Each is tagged model was wrong or person was wrong with a short reason. Unreviewed misroutes age visibly and surface to the support director past a configured age.,Unassessed,measurement-and-calibration,0 Unscoped (revision 3 intake),Functional RTM r3,Not started,
MC-08,Measurement & Calibration,Tags feed classifier improvement,"Cause tags are retained as labelled training signal, are reportable by cause, account and manager, and a model-was-wrong volume trend is visible beside the classifier's accuracy.",Unassessed,measurement-and-calibration,0 Unscoped (revision 3 intake),Functional RTM r3,Not started,
MC-09,Measurement & Calibration,Tag sampling by the support director,"The director can sample a manager's tags, record agreement or disagreement per sampled item, and see disagreement rate per manager. Sampling is visible to the manager.",Unassessed,measurement-and-calibration,0 Unscoped (revision 3 intake),Functional RTM r3,Not started,
MC-10,Measurement & Calibration,Cross-manager variance view,"Calibration quality, ladder mix, misroute rate and certification completeness compare between managers and between service desk teams, not only within accounts, on a surface the support director and service desk lead own.",Unassessed,measurement-and-calibration,0 Unscoped (revision 3 intake),Functional RTM r3,Not started,
AH-01,Account Health & Experience,Continuous account activity record,"Every touch on an account, any path, any shift, any person, any reporting line, lands in one account-level record the account owner sees without running a report, including work done by people who do not report to them.",Unassessed,account-health,0 Unscoped (revision 3 intake),Functional RTM r3,Not started,
AH-02,Account Health & Experience,"Patterns, not a feed","The account view surfaces recurring requests, repeated themes, commitments made to the client and precedents set, as patterns over a rolling window, not only as a chronological list.",Unassessed,account-health,0 Unscoped (revision 3 intake),Functional RTM r3,Not started,
AH-03,Account Health & Experience,Readiness trajectory,"A per-account trajectory composed of front-desk share, path-0 volume and fallback rate, profile maturity and knowledge coverage, calibrated against that account's own historical mix rather than a global target. Rising front-desk share reads as readiness, not as risk.",Unassessed,account-health,0 Unscoped (revision 3 intake),Functional RTM r3,Not started,
AH-04,Account Health & Experience,Experience trajectory,"A per-account trajectory composed of CSAT, responsiveness, expectation-management signal and perception notes. No surface renders AH-03 without AH-04 beside it.",Unassessed,account-health,0 Unscoped (revision 3 intake),Functional RTM r3,Not started,
AH-05,Account Health & Experience,Ranked account surface,"The CSM, the technical manager, the CSM lead and the director land on accounts ranked by attention need, computed server-side from health movement, exposure, consumption position and open divergences, never on an alphabetical or portfolio-order list.",Unassessed,account-health,0 Unscoped (revision 3 intake),Functional RTM r3,Not started,
AH-06,Account Health & Experience,Flexible perception capture,"Meeting transcripts, forwarded emails, typed notes and voice notes attach to the account record, are attributable and timestamped, are searchable, and feed AH-04. Voice notes transcribe.",Unassessed,account-health,0 Unscoped (revision 3 intake),Functional RTM r3,Not started,
AH-07,Account Health & Experience,Crystallised prior at cutover,"An account can be seeded with a dated starting assessment (owner's read of health, known fragility, key relationships, continuity risk) recorded as a stated prior. Later movement renders against the prior rather than against an empty history, and the prior remains readable and attributable.",Unassessed,account-health,0 Unscoped (revision 3 intake),Functional RTM r3,Not started,
AH-08,Account Health & Experience,Service-line seam,"The account-health object holds more than one service line. Support is the only line populated at launch; adding a second requires configuration, not schema change, and no surface hard-codes support as the only line.",Unassessed,account-health,0 Unscoped (revision 3 intake),Functional RTM r3,Not started,
AH-09,Account Health & Experience,Account touch cadence,"Direct account conversations log against the account with date and participant. Rolling coverage per account is visible, a per-account target interval is configurable, and accounts past their interval surface on AH-05.",Unassessed,account-health,0 Unscoped (revision 3 intake),Functional RTM r3,Not started,
TC-01,Time Certification,Daily certification flow,Every role from agent to director completes a card-based end-of-day wrap-up in under a minute. It is available on any device and does not require opening a ticket.,Unassessed,time-certification,0 Unscoped (revision 3 intake),Functional RTM r3,Not started,
TC-02,Time Certification,System-proposed activity,"The first card proposes the day's activities from ticket, comment, time-entry and calendar signals for confirmation. The person confirms, removes or corrects; nothing is entered from a blank screen.",Unassessed,time-certification,0 Unscoped (revision 3 intake),Functional RTM r3,Not started,
TC-03,Time Certification,Off-system capture by text or voice,"One prompt asks whether anything else happened, answerable by typing or by speaking. Spoken input is transcribed into a candidate entry the person confirms.",Unassessed,time-certification,0 Unscoped (revision 3 intake),Functional RTM r3,Not started,
TC-04,Time Certification,Effort estimation against placeholders,Each confirmed activity gets one card for effort. Duration fields show a placeholder and are never pre-filled with a computed actual; the person supplies the figure.,Unassessed,time-certification,0 Unscoped (revision 3 intake),Functional RTM r3,Not started,
TC-05,Time Certification,Catch-all bucket,"An other bucket accepts effort without forcing a ticket, an account or an activity type, so no one is blocked from completing the wrap-up.",Unassessed,time-certification,0 Unscoped (revision 3 intake),Functional RTM r3,Not started,
TC-06,Time Certification,"Other-bucket guardrail, weekly","The size of other is policed weekly, never daily. Crossing a role-configurable threshold raises to the person and their manager, and the threshold and its owner appear in the CG-01 register.",Unassessed,time-certification,0 Unscoped (revision 3 intake),Functional RTM r3,Not started,
TC-07,Time Certification,"Completeness tracking, not content grading","A missed evening is permitted; the next login shows outstanding wrap-ups. Completeness is reportable per person and per period and may drive enforcement. No report, screen or export renders certification magnitude as a performance measure of a person, and this is enforced rather than conventional.",Unassessed,time-certification,0 Unscoped (revision 3 intake),Functional RTM r3,Not started,
CL-01,Collaboration Signal,Closure grading of collaborators,At closure the ticket owner grades each TM-21 participant on a short scale with optional comment. Skipping is permitted and the skip rate is reportable.,Unassessed,collaboration-signal,0 Unscoped (revision 3 intake),Functional RTM r3,Not started,
CL-02,Collaboration Signal,CSM grading from client-relayed feedback,"A CSM records feedback about a named person as relayed from the client, attributed to the client source and dated, feeding the client side of CL-04.",Unassessed,collaboration-signal,0 Unscoped (revision 3 intake),Functional RTM r3,Not started,
CL-03,Collaboration Signal,Weekly collaboration digest,"Once a week a person is shown who they worked with and invited to comment. It is skippable, takes under a minute, and never chases.",Unassessed,collaboration-signal,0 Unscoped (revision 3 intake),Functional RTM r3,Not started,
CL-04,Collaboration Signal,Peer-and-client quadrant view,"Peer signal renders against client satisfaction in four quadrants per person and per account. Client satisfaction governs where the two disagree, and the disagreement is itself the reported signal.",Unassessed,collaboration-signal,0 Unscoped (revision 3 intake),Functional RTM r3,Not started,
CL-05,Collaboration Signal,Asymmetric visibility,"Positive feedback is attributable and visible to its subject. Concerns are aggregated and anonymised, never rendered attributably, and are withheld from display until a configured minimum contributor count is reached. No interface, export or audit view can resolve an anonymised concern to its author.",Unassessed,collaboration-signal,0 Unscoped (revision 3 intake),Functional RTM r3,Not started,
CG-01,Configuration Governance,Configuration register with named owners,"Every configurable parameter appears in one register with a named owner and a plain-language description of what it affects: path rules and credential markings, classifier and queue weights, all thresholds, the TC-06 guardrail, activity and outcome taxonomies, auto-resolution allowlists, consent flags, CL-05 aggregation minimums, and coverage floors. A parameter with no owner is visible as unowned.",Unassessed,configuration-governance,0 Unscoped (revision 3 intake),Functional RTM r3,Not started,
CG-02,Configuration Governance,Audited change with reason and effective date,"Changing a parameter records who, when, old value, new value, a reason and an effective date. Prior values remain readable, and no interface edits or deletes the history.",Unassessed,configuration-governance,0 Unscoped (revision 3 intake),Functional RTM r3,Not started,
CG-03,Configuration Governance,Change visible where it moves a number,"A trend or scorecard line spanning a configuration change renders a marker for that change, so a step is never read as behaviour when it was a setting.",Unassessed,configuration-governance,0 Unscoped (revision 3 intake),Functional RTM r3,Not started,
CG-04,Configuration Governance,Review cadence and staleness,"Each parameter carries a review cadence; parameters past it surface to their owner and, unactioned, to the support director.",Unassessed,configuration-governance,0 Unscoped (revision 3 intake),Functional RTM r3,Not started,
OC-01,Outcomes,Outcome object above the ticket,"An outcome carries name, stated business result, owner, period, status, type, client visibility, linked tickets and linked contract. The type taxonomy is configurable per client from a maintained default list, each type carrying a default client-visibility setting that can be overridden per instance and is audited when it is.",Unassessed,outcomes,0 Unscoped (revision 3 intake),Functional RTM r3,Not started,
OC-02,Outcomes,Outcome-framed client reporting,"The client-facing report leads on business result with tickets and hours as supporting evidence, and shows only client-visible outcome types.",Unassessed,outcomes,0 Unscoped (revision 3 intake),Functional RTM r3,Not started,
KB-01,Solution Knowledge Base,"Authoring, lifecycle, ownership, versioning","An article moves draft to review to published to retired, has a named owner, and prior versions remain readable.",Unassessed,knowledge-base,0 Unscoped (revision 3 intake),Functional RTM r3,Built,
KB-02,Solution Knowledge Base,Candidate queue and promotion,"A candidate submitted at resolution appears in the queue and can be promoted, merged, or rejected with a reportable reason.",Unassessed,knowledge-base,0 Unscoped (revision 3 intake),Functional RTM r3,Built,
KB-03,Solution Knowledge Base,Client-to-global promotion with sanitisation,"Promoting to global forces a review for client identifiers and configuration detail, and is blocked unless the source account has explicitly opted in to cross-account contribution (AI-23).",Unassessed,knowledge-base,0 Unscoped (revision 3 intake),Functional RTM r3,Partial,The generalise flow with its findings sheet ships; the AI-23 cross-account consent gate that must block it does not exist
KB-04,Solution Knowledge Base,Article health and coverage,"Each article shows reuse count and last-validated date, stale articles flag against the review cadence, and a report lists high-volume patterns with no article.",Unassessed,knowledge-base,0 Unscoped (revision 3 intake),Functional RTM r3,Partial,Staleness and reuse signals exist on articles; the coverage report listing high-volume patterns with no article does not
KB-05,Solution Knowledge Base,Contribution attribution,Author and improver are recorded per version and aggregate per person and per account.,Unassessed,knowledge-base,0 Unscoped (revision 3 intake),Functional RTM r3,Partial,Author and improver are recorded per version; the per-person and per-account aggregation is not built
AI-23,Solution Knowledge Base,Two-scope knowledge contribution consent,"Contribution within the originating account is on by default and can be switched off per account. Contribution across accounts is off by default and requires explicit opt-in recorded in account configuration. Both are enforced at the data layer, honoured by KB-02, KB-03, AI-07, RL-08 and any historical backfill, and independent of the AI-11 processing switch.",Unassessed,knowledge-base,0 Unscoped (revision 3 intake),Functional RTM r3,Not started,
